BEKE,BEKE
KOS,KOS
MTDR,MTDR
CPT,CPT
HPQ,HPQ
CDEV,CDEV
QCOM,QCOM
BILI,BILI
EDU,EDU
JD,JD
UMC,UMC
VIV,VIV
WBA,WBA
INFY,INFY
NLSN,NLSN
KEY,KEY
VIPS,VIPS
ERIC,ERIC
FCEL,FCEL
X,X
BMY,BMY
HBAN,HBAN
ALLG,ALLG
JBHT,JBHT
HUBG,HUBG
SDXAY,SDXAY
SNDR,SNDR
WERN,WERN
LSTR,LSTR
SMBMF,SMBMF
NPNYY,NPNYY
NSC,NSC
ODFL,ODFL
R,R
SCBFF,SCBFF
KNX,KNX
COMP,COMP
MKSI,MKSI
TFII,TFII
LLDTF,LLDTF
CRDO,CRDO
ACLS,ACLS
CP,CP
DNUT,DNUT
UNP,UNP
AAWW,AAWW
ON,ON
CNI,CNI
ALE,ALE
ENTG,ENTG
HTZ,HTZ
ACIW,ACIW
FWRD,FWRD
MPWR,MPWR
DAVE,DAVE
FDX,FDX
HRI,HRI
CHRW,CHRW
MATX,MATX
SGIOY,SGIOY
TBK,TBK
GPS,GPS
TUIFY,TUIFY
XPO,XPO
DXC,DXC
EXPI,EXPI
FNF,FNF
FICO,FICO
UPS,UPS
CXMSF,CXMSF
WFG,WFG
VRRM,VRRM
COLB,COLB
DIOD,DIOD
RF,RF
SITM,SITM
BRDG,BRDG
AZO,AZO
AMAT,AMAT
WEX,WEX
TNL,TNL
MXL,MXL
PCAR,PCAR
EPAM,EPAM
CF,CF
LOGI,LOGI
ZETA,ZETA
LSCC,LSCC
FAF,FAF
ALPMY,ALPMY
EXPD,EXPD
CRI,CRI
VORB,VORB
CMPGY,CMPGY
GXO,GXO
FITB,FITB
MTB,MTB
TSCO,TSCO
SEAS,SEAS
TGDLF,TGDLF
FUTU,FUTU
YMM,YMM
OLLI,OLLI
NRGV,NRGV
NEGG,NEGG
SPWR,SPWR
CZOO,CZOO
ZNTL,ZNTL
KIND,KIND
NVNXF,NVNXF
UNLRY,UNLRY
RLAY,RLAY
PACB,PACB
NVX,NVX
SHLS,SHLS
BIDU,BIDU
RCUS,RCUS
ASOMY,ASOMY
YY,YY
BYDDF,BYDDF
BYDDY,BYDDY
LILAK,LILAK
EVVTY,EVVTY
CITAF,CITAF
POYYF,POYYF
OKTA,OKTA
LILA,LILA
HDB,HDB
NFE,NFE
BLDP,BLDP
PTAIY,PTAIY
DQ,DQ
LLKKF,LLKKF
LAW,LAW
TSP,TSP
PD,PD
BE,BE
NOVA,NOVA
MPNGY,MPNGY
ZLNDY,ZLNDY
APPN,APPN
LU,LU
VMEO,VMEO
BOLSY,BOLSY
ATER,ATER
SBFM,SBFM
SST,SST
LILM,LILM
NNOX,NNOX
GGR,GGR
MFA,MFA
TEVA,TEVA
SAVA,SAVA
ANY,ANY
RCON,RCON
RH,RH
BRCC,BRCC
CVE.TO,CVE.TO
GNRC,GNRC
CGNT,CGNT
ENB,ENB
VRTX,VRTX
RCL,RCL
TANH,TANH
IMRA,IMRA
AYI,AYI
GLG,GLG
JBLU,JBLU
SAVE,SAVE
CFLT,CFLT
NET,NET
PLAY,PLAY
MMYT,MMYT
SNOW,SNOW
EGFEY,EGFEY
WRBY,WRBY
SHAK,SHAK
ULCC,ULCC
DDOG,DDOG
LSPD,LSPD
NTCO,NTCO
AGL,AGL
OLO,OLO
NTLA,NTLA
TDOC,TDOC
AI,AI
ONEM,ONEM
TEAM,TEAM
TXG,TXG
TASK,TASK
RIOT,RIOT
ABLZF,ABLZF
EMBK,EMBK
CZR,CZR
MDB,MDB
MTTR,MTTR
TWST,TWST
LYSCF,LYSCF
ZM,ZM
MSTR,MSTR
LYSDY,LYSDY
SG,SG
ARVL,ARVL
CFRUY,CFRUY
VCSA,VCSA
ADYEY,ADYEY
IGT,IGT
ANZLY,ANZLY
GOGO,GOGO
BBAJF,BBAJF
NGCRF,NGCRF
BCCLF,BCCLF
RPM,RPM
MOS,MOS
PTR,PTR
FMCKM,FMCKM
SMPL,SMPL
BEPTF,BEPTF
IMBBY,IMBBY
RES,RES
CRK,CRK
RRC,RRC
IOVA,IOVA
YETI,YETI
SMAR,SMAR
MARA,MARA
FVRR,FVRR
TTD,TTD
BILL,BILL
COUR,COUR
VSCO,VSCO
DADA,DADA
RVLV,RVLV
ATASY,ATASY
DELKY,DELKY
WFRD,WFRD
PBF,PBF
LXU,LXU
VAL,VAL
PCRX,PCRX
PPC,PPC
EQT,EQT
VLO,VLO
AZZVF,AZZVF
TKAMY,TKAMY
LAZR,LAZR
PENN,PENN
SKIN,SKIN
CD,CD
ANET,ANET
CALX,CALX
GCTAY,GCTAY
HUBS,HUBS
RAIFY,RAIFY
FSLY,FSLY
TSM,TSM
MRVL,MRVL
CCCS,CCCS
PAGS,PAGS
MLCO,MLCO
DAN,DAN
GPI,GPI
RYKKY,RYKKY
ATHM,ATHM
SES,SES
LUV,LUV
LEG,LEG
STNE,STNE
TROX,TROX
KEP,KEP
KD,KD
LEVI,LEVI
PIPR,PIPR
HTHT,HTHT
LVS,LVS
CFX,CFX
PSX,BEN
LKNCY,PSX
TCOM,LKNCY
ABG,TCOM
HMC,ABG
WYNN,HMC
PNFP,WYNN
QFIN,PNFP
CWK,QFIN
LEA,CWK
CC,LEA
SMMYY,CC
BWA,SMMYY
CDK,BWA
EURN,CDK
NXE,EURN
LW,NXE
BAK,LW
CIXX,BAK
CCJ,CIXX
AJRD,CCJ
STZ,AJRD
DPSTF,STZ
ZS,DPSTF
ALNY,ZS
COUP,ALNY
ENPH,COUP
TIIAY,ENPH
GLNG,TIIAY
PLTK,GLNG
BML-PG,PLTK
AMRC,BML-PG
VCISY,AMRC
CRWD,VCISY
NOG,CRWD
LAC,NOG
ISBC,LAC
HMHC,ISBC
JXHLY,HMHC
MMI,JXHLY
MNSO,MMI
GPN,MNSO
MAC,GPN
RL,MAC
MHK,RL
COTY,MHK
BHVN,COTY
TTDKY,BHVN
GTBIF,TTDKY
ARVN,GTBIF
COOP,ARVN
PARA,COOP
ALSMY,PARA
IBRX,ALSMY
FMCCJ,IBRX
ATASF,FMCCJ
TABCF,ATASF
EBR-B,TABCF
KPLUY,EBR-B
PSMT,KPLUY
FLMMF,PSMT
NEX,FLMMF
WBDWV,NEX
CTRA,WBDWV
WDFC,CTRA
FNMAL,WDFC
KRYPF,FNMAL
PIAIF,KRYPF
DISCB,PIAIF
PSFE,DISCB
DISCA,PSFE
DISCK,DISCA
HAL,DISCK
EBR,HAL
EOG,EBR
BVN,EOG
NOV,BVN
SVNLF,NOV
MGY,SVNLF
HNP,MGY
RLX,HNP
PTEN,RLX
APA,PTEN
SVNLY,APA
CPG,SVNLY
CACC,CPG
LBRT,CACC
MRRTY,LBRT
ZIJMF,MRRTY
EQRX,ZIJMF
FTI,EQRX
HES,FTI
BKGFY,HES
ACHC,BKGFY
FNMAJ,ACHC
KCDMY,FNMAJ
STOHF,KCDMY
CAH,STOHF
YASKY,CAH
RYDAF,YASKY
EGO,RYDAF
BSM,EGO
ERF,BSM
PXD,ERF
SWTX,PXD
CMSQY,SWTX
DNBBY,CMSQY
EDVMF,DNBBY
SLB,EDVMF
JBSAY,SLB
DKS,JBSAY
EQX,DKS
AAP,EQX
CVT,AAP
OI,CVT
BCRX,OI
LXP,BCRX
CX,LXP
CVX,CX
GILD,CVX
KR,GILD
NUTX,KR
RXT,NUTX
MLSPF,RXT
TRTN,MLSPF
BAP,TRTN
ABCL,BAP
JTKWY,ABCL
AYX,JTKWY
HELFY,AYX
RGEN,HELFY
SSMXY,RGEN
ONTO,SSMXY
FORM,ONTO
MRCY,FORM
KTOS,MRCY
BCH,KTOS
DASTY,BCH
GMAB,DASTY
AEIS,GMAB
DNLI,AEIS
CWAN,DNLI
WUXAY,CWAN
TRUP,WUXAY
PGNY,TRUP
ALHC,PGNY
SEDG,ALHC
SDGR,SEDG
RKUNY,SDGR
FROG,RKUNY
KWR,FROG
KKOYY,KWR
FLYW,KKOYY
SPT,FLYW
FATE,SPT
UNVGY,FATE
EQNR,UNVGY
MEGEF,EQNR
DVN,MEGEF
CLR,DVN
WOOF,CLR
REPYY,WOOF
AHKSY,REPYY
LPLA,AHKSY
SPGYF,LPLA
WHD,SPGYF
FSNUY,WHD
KHOLY,FSNUY
TDS,KHOLY
GOGL,TDS
GKOS,GOGL
DVA,GKOS
AN,DVA
TTM,AN
BMRN,TTM
HEP,BMRN
PRMRF,HEP
SSL,PRMRF
KMX,SSL
CIADY,KMX
COP,CIADY
IPXHY,COP
SFM,IPXHY
SAIL,SFM
MSP,SAIL
PING,MSP
SCGLY,PING
AKBTY,SCGLY
DRKTF,AKBTY
BURL,DRKTF
FNMAH,BURL
RPD,FNMAH
TENB,RPD
AMPH,TENB
VRNS,AMPH
PRYMY,VRNS
AVAV,PRYMY
NTNX,AVAV
RYAAY,NTNX
ROST,RYAAY
ICAGY,ROST
AXAHY,ICAGY
LCII,AXAHY
PAG,LCII
FL,PAG
DY,FL
PPERF,DY
FIVN,PPERF
JKS,FIVN
MNTV,JKS
OWL,MNTV
BRZE,OWL
ESAB,BRZE
QLYS,ESAB
FOXF,QLYS
BBWI,FOXF
SIVB,BBWI
WSM,SIVB
GNENF,WSM
ACAD,GNENF
STER,ACAD
PEN,STER
INMD,PEN
HCM,INMD
CENX,
BRFS,
HOCPY,
HGTY,
DB,
IDXX,
HPK,
DSDVY,
VICR,
GELYF,
SONY,
OVV,
DFKCY,
MORN,
WYNMY,
GELYY,
TCCPY,
PNGAY,
BEAM,
HRMY,
SHZHY,
WXXWY,
ICLR,
NARI,
PUK,
CGNX,
SNPHY,
NTRA,
ASMIY,
NJDCY,
MSSMY,
ABMD,
RNECY,
SQM,
BPMC,
MRK,
WMB,
VERU,
1024.HK,
HOTH,
ATHX,
PTE,
^IXIC,
IBIO,
COALINDIA.NS,
Y,
0669.HK,
EVTL,
GIGNF,
NTOIY,
HNLGF,
SIMO,
KSS,
DH,
OPK,
ARLP,
HSHCY,
RKLB,
SGHC,
CERT,
LZ,
DCP,
RAZFF,
HESM,
TMVWY,
MODV,
INFA,
AMPL,
WES,
LZRFY,
ATSG,
CQP,
PAGP,
BCC,
RCM,
LVMUY,
CEA,
HP,
CMP,
IHS,
EVH,
ENLC,
FINMF,
SCHYY,
SHOO,
EPIAF,
CNQ,
CHX,
FHN,
CFG,
ACI,
EVOTF,
EVO,
NONOF,
CTLT,
CRZBF,
KMTUF,
AMED,
TAIPY,
FANUY,
BIO,
LNVGY,
CRZBY,
CORZ,
MKTAY,
GSHD,
KMTUY,
MP,
SMNNY,
GO,
OHI,
LAD,
VRT,
KUBTY,
SBRA,
A,
OCDDY,
PAY,
PAX,
UNCRY,
BTLCY,
RYCEY,
PHG,
RNG,
IBDSF,
MRTX,
BJ,
DHR,
SMCAY,
ADRNY,
ENSG,
WST,
ESALY,
BBBY,
GNS,
TTLHF,
HSTO,
ATNM,
SONN,
AGRX,
QLGN,
0883.HK,
POONAWALLA.NS,
SCHW,
TD.TO,
EPD,
LIN,
HCC,
LNTH,
ASH,
ALGT,
NTES,
PLL,
CUK,
MT,
ABNB,
TRIP,
PVH,
PK,
APLS,
DKILY,
ASX,
YOU,
TEF,
MRNA,
AAFRF,
SPLK,
MAR,
ZIM,
HLMN,
EAF,
TSCDY,
CILJF,
REYN,
CGSHY,
CIHHF,
BLK,
BCTX,
ATRS,
SRRA,
KLDO,
GS,
FAST,
STAB,
ARTL,
METX,
CTIC,
KKPNY,
VALN,
NDEKY,
OTSKY,
MIELY,
RPRX,
PALAF,
HALO,
HII,
IBM,
SKHSY,
USB,
MS,
JHX,
ATI,
KBR,
FMCKN,
ZTCOY,
FRCOY,
NKE,
CAT,
ACCYY,
CRS,
DAR,
XYIGF,
WHGLY,
CAOVY,
XPRO,
WTBDY,
PRGS,
ESYJY,
BIPC,
CCEP,
JAZZ,
BML-PL,
ACC,
XRAY,
JNJ,
IBN,
TFC,
ICHBF,
SMCI,
BDDDY,
SYAXF,
PHJMF,
TMSNY,
CNNE,
NVRO,
TPRKY,
FND,
AMSYF,
MLI,
ATRC,
DECK,
MAN,
DBRG,
LDSCY,
SGMS,
ISRG,
COVTY,
VCTR,
IRDM,
AXON,
ADT,
QTWO,
EVR,
DOCU,
VEEV,
ITVPF,
BMI,
CIBEY,
AG,
CIG-C,
INPOY,
USM,
STVN,
NUVSF,
TRV,
CIG,
AETUF,
SSREY,
LAUR,
SBS,
CIHKY,
GLPEY,
IFJPY,
ARZGY,
BDORY,
PDCO,
RHHBY,
WMMVY,
CRHKY,
BIREF,
CIVI,
XNGSY,
LZAGY,
TSYHY,
PROSF,
BG,
BTGOF,
ERIXF,
KRYAY,
TKOMY,
PDCE,
SEV,
CMPI,
CRXT,
STSS,
RELIANCE.NS,
ANF,
BRQS,
PTPI,
AJBU.SI,
EICHERMOT.NS,
PLD,
LT.NS,
ASML,
LTI.NS,
ASML.AS,
PG,
LULU,
AXSM,
BRK-A,
ABT,
IO,
WINT,
WWR,
ANTM,
NDAQ,
ALVR,
ARCT,
FNGU,
LRCX,
LGF-B,
LGF-A,
LI,
BHPLF,
DUFRY,
RIO,
ROIV,
NAVI,
UPWK,
AVNT,
DANOY,
RCI,
OMC,
LPX,
CRH,
BUD,
VRTV,
MKTX,
KLAC,
STM,
ALKS,
AZTA,
FTNT,
TER,
BDC,
VC,
EXPGY,
NTAP,
TT,
KLIC,
BNPQY,
CALM,
TYIDY,
GRFS,
WDC,
HTHIY,
ATKR,
HCA,
CWEN,
WAL,
THC,
PTITF,
FBBPF,
BKRKF,
REXR,
NLLSF,
DTRUY,
LEGN,
SVNDY,
WTFC,
FIX,
HEINY,
SRUUF,
HSQVY,
DKL,
INGVF,
AAVMY,
SDVKY,
ETRN,
ACOPY,
NSANY,
WAT,
TRNO,
IPG,
ITGR,
EXP,
ABM,
PPERY,
NRG,
EGP,
PUBGY,
BBSEY,
EPOKY,
CDW,
ASAZY,
AWR,
FR,
BSX,
TMO,
SCRYY,
AVTR,
RQI,
VMC,
IR,
PARAA,
CCOZF,
TGOPF,
GCHOY,
PYCR,
VLOWY,
UNFI,
DNKEY,
GNW,
RYAN,
ACT,
AIRC,
CRGY,
MOH,
ENIA,
CNC,
ENIC,
RAD,
SHOP.TO,
2168.HK,
0700.HK,
3690.HK,
9618.HK,
VMI,
ETWO,
POOL,
STLD,
WSO,
DLAKY,
NUE,
ABB,
DOW,
EADSY,
ALV,
CPA,
PPRUY,
WCC,
FULT,
VWAGY,
SNN,
PFGC,
VLRS,
MMC,
AMKR,
AMBA,
EWBC,
WPP,
PSO,
DRH,
ITCB,
CAKE,
GLPG,
MNDT,
HST,
XRX,
OUKPY,
AKZOY,
BXBLY,
JCYGY,
RLI,
PRDSY,
AAON,
SKHCF,
EEFT,
UPMMY,
TRKNY,
KIROY,
ITMPF,
LTHM,
PWR,
PWSC,
ALGN,
EFX,
MAXR,
SMG,
CG,
AES,
VSAT,
GTLS,
MUR,
PACW,
DOV,
CERE,
CRSR,
CYN,
DWAC,
BS6.SI,
CRM,
BORORENEW.NS,
AWL.NS,
RENUKA.NS,
BX,
SAP.DE,
FING-B.ST,
HOLN.SW,
KER.PA,
MITQ,
CEI,
NNDM,
BN4.SI,
POLYCAB.NS,
GFAI,
KMB,
SAP,
SAM,
GRPAF,
ESTA,
GNTX,
UFPI,
WB,
GMED,
UHS,
HTH,
CHFLF,
MPNGF,
SNPHF,
CHWRF,
TCEHY,
PROSY,
MGA,
MPW,
CSPCY,
AACAY,
CRRFY,
ITCI,
SYK,
CLPBY,
RDEIY,
EDR,
SNMRY,
EHC,
TCNNF,
ALL,
BDRBF,
URBN,
EW,
AUOTY,
SEOAY,
NHYKF,
HCMLY,
XM,
CAHPF,
ZBH,
SON,
PODD,
BAX,
HZNP,
STE,
ALLE,
DXCM,
MDT,
HTGC,
CRL,
TNDM,
PAYX,
PSN,
APD,
TJX,
INSP,
GPC,
KMT,
IQV,
NVCR,
OMI,
JWN,
PKI,
FFBC,
VLON,
BKEP,
SCYX,
CFVI,
BDOUY,
LNG,
TFX,
IDEXF,
COO,
CNMD,
NUS,
OPCH,
RMD,
IART,
ROK,
NUVA,
URI,
PGR,
UBSFY,
CODYY,
MMSI,
LESL,
HKXCY,
GOL,
TV,
KMPR,
LIVN,
GFL,
SMMNY,
LNNGF,
ALBKY,
FQVLF,
ASO,
WLL,
OAS,
SBUX,
HCDI,
OCDGF,
IHRT,
FOJCY,
DOGZ,
NBGIF,
GBOOY,
EA,
SSU,
BMRRY,
CSGKF,
RNW,
TOSYY,
TTWO,
LNVGF,
SIG,
KGFHY,
CURLF,
SUTNY,
OPMXF,
GWLLF,
OGCP,
BBLN,
RY.TO,
UNH,
EE,
CENN,
BRK-B,
HD,
V,
ADANIPOWER.NS,
9988.HK,
6862.HK,
YMM22.CBT,
ICICIBANK.NS,
NMDC.NS,
1772.HK,
C6L.SI,
0857.HK,
ATVI,
0005.HK,
0981.HK,
PHIA.AS,
IOC.NS,
2800.HK,
CANG,
VXRT,
ERYP,
TTCF,
SNDL,
TPGVF,
ARDX,
NKTX,
TBLT,
MCLS.L,
SYNH,
SLCJY,
MEOH,
TIAOF,
DE,
BPAQF,
PAA,
SAPGF,
RCRUY,
PSB,
SGFY,
GSAT,
PANW,
GDDY,
TKGBY,
UNICY,
CVI,
LII,
TRGP,
OLN,
IMO,
BHP,
ATUS,
TX,
OTIS,
QNRX,
PEP,
DINO,
TS,
VNOM,
MELI,
ESTC,
NVMI,
AEG,
CINT,
SHECY,
NICMF,
OKE,
EC,
CRC,
SU.TO,
ADBE,
SAN,
TEO,
ICL,
MTN,
CLVT,
PCOR,
EXAS,
CPCAF,
NTR,
CCOEY,
ACVA,
LMDX,
MPLX,
CNQ.TO,
RDBX,
BCDRF,
BOOT,
TXRH,
NG,
TDCX,
JAMF,
THNPY,
HAE,
BLDR,
TOL,
YELP,
TTNDY,
GBT,
EVCM,
SKYH,
DAVA,
MED,
ODP,
BLD,
AGCO,
CEQP,
CLVS,
WKEY,
VUZI,
FSUMF,
ATLKY,
GNGYF,
OVCHF,
NWE,
AB,
HXGBY,
BURBY,
GRBMF,
AMBP,
BKH,
SUBCY,
CNXC,
ENGQF,
KBH,
TBVPF,
CYDY,
MTNOY,
TWI,
TW,
AVDL,
WHR,
CDNS,
AMP,
ZION,
PTGX,
OMF,
0001.HK,
1299.HK,
Z74.SI,
BHP.AX,
UBS,
MAERSK-B.CO,
1099.HK,
QK,
GE,
VNTR,
ADANIPORTS.NS,
ADANIENT.NS,
0011.HK,
HSBA.L,
HSBC,
MOTHERSUMI.NS,
ABF.L,
DATS,
SAN.MC,
MMM,
DHI,
RTX,
ARCC,
PII,
WM,
GLW,
ADM,
GMDA,
IVZ,
SHW,
ROP,
NSP,
AXTA,
HUBB,
AVY,
SPPJY,
TLK,
HENOY,
RSG,
HXL,
BSBR,
MEDP,
AWI,
BBVA,
XYIGY,
LFC,
CMCLF,
AIN,
ST,
JZXN,
EVOK,
ECL,
MX,
PPG,
NTRS,
WCN,
ARNC,
CCK,
GLOB,
SAFE,
AMKBY,
FELE,
MCW,
INTU,
SNPMF,
GT,
ALFFF,
CHGCY,
DK,
VLEEY,
POAHY,
CMG,
ATLCY,
ASBFY,
RNLSY,
BIGZ,
STLA,
WING,
HOUR,
GNGBY,
ABCM,
YSHLF,
MSCI,
PZZA,
BKKT,
ALFVY,
MPC,
PAC,
ASR,
MAKSY,
SCBFY,
AMCR,
NCR,
PSB-PX,
CYTK,
HYMC,
TXN,
MDLZ,
MA,
BAJFINANCE.NS,
KPITTECH.NS,
TOKMAN.HE,
FORTUM.HE,
DBK.DE,
COSM,
KTRA,
CHKP,
HIMS,
HUM,
KHC,
GRMN,
FISV,
GD,
ADP,
CME,
TMUS,
JBT,
MAT,
FFIV,
CSGP,
SLAB,
ZTO,
TRN,
SKX,
MAS,
CTTAY,
OC,
CSTM,
STX,
DRVN,
SAUHY,
SKBSY,
JPXGY,
JNPR,
BKNG,
KUNUF,
IFNNY,
TGOPY,
RTMVY,
PANDY,
CB,
GFS,
SIEGY,
VWAPY,
FBASF,
ADDYY,
RUSHA,
SBGSY,
SMFKY,
ESLOY,
EONGY,
DPSGY,
BASFY,
VLVLY,
EKTAY,
ZWS,
KNRRY,
RTOKY,
FHNGY,
SKM,
APAM,
FINMY,
RHCGF,
PCRFF,
FRME,
DQJCY,
ABCB,
VIVK,
AFIB,
RHI,
FNMAI,
ANYYY,
ARGX,
BYD,
AAGIY,
LPL,
ENGIY,
OSK,
GPK,
CIAFF,
NYCB,
KNBWY,
HOKCF,
FMCKI,
KAEPY,
CNM,
MTH,
RRR,
LYV,
CR,
HYPMY,
MDC,
SF,
EQR,
TPSRF,
CHIZF,
SSTK,
AIMC,
DSNKY,
WBRBY,
CSUAY,
CNR.TO,
ING,
WAB,
TEL,
BAYRY,
BTDPY,
TLSNY,
ORKLY,
HOKCY,
FIS,
THUPY,
SYIEY,
DIISF,
DNNGY,
IFS,
SLN,
ROL,
EDNMY,
BBVXF,
CWT,
HLDCY,
BFFAF,
SLG,
TPST,
CIGI,
TSGTY,
PSB-PY,
DWACW,
ACON,
MVIS,
LCFY,
PAVM,
ESRT,
RUSHB,
HAYW,
CMTG,
NHI,
DORM,
NVR,
WXIBF,
AXS,
AHCHY,
WIZEY,
GPOR,
OST,
BKRIF,
PSMMY,
PBSFY,
JSM,
OZSC,
JCSE,
ATOS,
NOW,
AMGN,
LC,
ORLY,
AFL,
CSCW,
COKE,
TV18BRDCST.NS,
2888.HK,
BARC.L,
NOKIA.HE,
EVO.ST,
SINCH.ST,
SBRY.L,
STAN.L,
HFG.DE,
FB2A.BE,
DHER.DE,
VEON,
IDAI,
LLY,
SWK,
SO,
OSTK,
PHM,
IRM,
MO,
MCD,
DPZ,
NOC,
TROW,
LRENY,
FTAI,
PTC,
AVT,
SU,
SRCL,
FBP,
BFH,
TIGO,
VIRT,
LH,
LECO,
CHD,
ATEYY,
HOLX,
AOS,
FREJN,
ADSK,
TXT,
NVST,
WBS,
AMX,
ORI,
WSC,
INVH,
NRDBY,
UNEGF,
KREVF,
EME,
DNZOY,
CHTR,
NTDOY,
FCFS,
FCNCA,
CARR,
SEKEY,
TYL,
PLXS,
LBRDA,
LBRDK,
AIT,
CLBK,
GGG,
RS,
POR,
ERJ,
YUMC,
FJTSY,
LKQ,
EQIX,
SWRAY,
ESI,
XELA,
BABAF,
AZPN,
TPX,
JOE,
TIXT,
SPB,
CHDN,
CGEMY,
MZDAY,
AM,
FNMAN,
MSA,
BHC,
PKX,
WTW,
POWI,
ARW,
DDAIF,
ALSN,
ANSS,
SNPS,
KRTX,
GWW,
DMLRY,
VICI,
RARE,
SHG,
MURGY,
SWVL,
CBZ,
RRX,
GIKLY,
WDAY,
CACI,
FNMFM,
CABO,
NDEKF,
PFSI,
CJPRY,
WEGRY,
ACGL,
HPP,
HUN,
SQZ,
APPS,
JSAIY,
MLYBY,
NEXXY,
DEN,
AEXAY,
SYNA,
ACHR,
SKHHY,
BIOL,
FSLR,
LHX,
WU,
ZYME,
BTE.TO,
PHUN,
BC,
MARK,
ENZC,
EFC,
0388.HK,
D05.SI,
O39.SI,
AXISBANK.NS,
6618.HK,
9999.HK,
9626.HK,
9866.HK,
9888.HK,
WY,
PRX.AS,
DANSKE.CO,
NESTE.HE,
HEN3.DE,
TEM1V.HE,
NVO,
AZN.L,
AZN,
TIGR,
FNCH,
DUO,
HON,
NBEV,
ABBV,
CL,
NWL,
TKAT,
GTYH,
VRSN,
COLM,
CINF,
AON,
CUBE,
VOD,
SSNC,
NWG,
WIT,
BLMN,
CSL,
TPH,
CE,
PSA,
EXR,
SHTDY,
NPSNY,
STAG,
AX,
NSA,
CCOI,
AJG,
EXLS,
TKC,
PGRE,
HENKY,
EXPO,
PRFT,
FHI,
TRP,
RJF,
ULTA,
ARES,
VRSK,
COLD,
HBCYF,
DBSDY,
OMCL,
MGP,
UGI,
LSI,
CSAN,
WPC,
CVS,
CUZ,
NFI.TO,
EBKDY,
RAMP,
BRO,
ATR,
TCTZF,
ERIE,
AMT,
NMRK,
APLE,
AVB,
CAE,
FBHS,
HCXLY,
NSANF,
CBGPF,
VERX,
ANSLY,
VAXX,
OVCHY,
KYOCY,
HLPPY,
EGFEF,
HIMX,
COST,
ACCD,
AAIGF,
AGLXY,
TSYHF,
IMO.TO,
DLPTF,
BGAOY,
RE,
LKCO,
ZTS,
ATNF,
YESBANK.NS,
TATACHEM.NS,
DIXON.NS,
CDSL.NS,
WIPRO.NS,
VWS.CO,
BAS.DE,
BAYN.DE,
LEO.ST,
ICP1V.HE,
ADJ.DE,
EMBRAC-B.ST,
VNA.DE,
PROG,
FTSEMIB.MI,
BTTX,
SOUN,
OCGN,
CRNT,
VLYPP,
INVZ,
MCO,
WEC,
ELUXY,
DREUF,
HR,
FUPBY,
TKR,
ASHTF,
BACHF,
OR,
ELP,
ENGGY,
SONVY,
ISUZY,
ORA,
HTA,
CWST,
SPGI,
MRAAY,
PIFMF,
AVLR,
ARWR,
ZBRA,
ACA,
MANU,
ZGN,
LYFT,
MASI,
BBY,
CGAU,
CVET,
GS-PA,
FIBK,
MRPLY,
CNX,
WTRU,
NYT,
DSEY,
HLNE,
APRN,
FUBO,
IRT,
SBCF,
IPGP,
AMG,
IFNNF,
ASAI,
BBDO,
WIRE,
CNA,
MAA,
THO,
TPG,
BIP,
NWBO,
CICHY,
BOIVF,
DLR,
KIM,
ESS,
SUI,
ELS,
DIFTY,
AMH,
STOR,
NEU,
AXS-PE,
AAT,
ESGR,
RYN,
REG,
SOS,
ARRY,
BMRPF,
DNP,
BNL,
EPRT,
O,
CLH,
WTKWY,
RF-PC,
CBRL,
HSY,
SPG,
GWO.TO,
IITSF,
TR,
FUV,
MGM,
CLX,
ZI,
NXPI,
BIGC,
ASTS,
MEG.TO,
PKK.CN,
BKI,
PAYC,
ITRI,
SCI,
LFUS,
REZI,
DOOR,
XYL,
PDYPY,
ALB,
LITE,
PREKF,
WMK,
PCTY,
AMBBY,
AIG,
NEOG,
CDAY,
FMCCG,
AKAM,
JCI,
JHG,
BFAM,
WK,
AMIGY,
SWKS,
ICE,
RNMBY,
SHTLF,
RADLY,
WD,
EBAY,
SKLZ,
AMRN,
RVSN,
IMPP,
TNRSF,
SRPT,
NGVT,
OGN,
INSM,
LAMR,
APO,
MGPI,
MANT,
K,
VSTO,
HAIN,
EVA,
GIL,
CTSH,
QRVO,
SIGI,
HBI,
ICPT,
SONM,
PPL,
SGLY,
SHEL,
D,
SITE,
TTEC,
AUST,
ARGNF,
MSGS,
WBX,
SUM,
HPE,
LOPE,
TRMB,
GOFPY,
AHEXY,
JDSPY,
NLST,
WISH,
DBX,
ILMN,
GPRO,
FNKO,
RDFN,
2382.HK,
AMBU-B.CO,
ADS.DE,
IAG.L,
CCXI,
HYZN,
TNXP,
CI,
PRLB,
FTDR,
LNSPF,
SLLDY,
TDC,
NWSA,
MHGVY,
CRARY,
GMVHY,
NABZY,
ANZBY,
SGBLY,
EVFM,
UNM,
FYBR,
RGA,
POST,
G,
AGO,
MCK,
MTZ,
STGW,
OLED,
YAHOF,
NWS,
ENV,
UI,
PRI,
KSRYY,
CORT,
NLOK,
FWONK,
FWONA,
JAPAY,
IMKTA,
MNST,
ATDRY,
PTCT,
TFSL,
SIDU,
HOG,
RLJ,
KTB,
DSCSY,
STEM,
CLNE,
TYCMY,
PEGRY,
OLCLY,
HVRRY,
VODPF,
MDRX,
SKFRY,
NTCT,
PEB,
PBA,
FLT,
REMYY,
JAPSY,
CNVVF,
ENB.TO,
JYNT,
SCPPF,
VRNOF,
PETRY,
FLR,
CW,
DNOPY,
ATZ.TO,
ACRX,
CAN,
WPRT,
ZNTE,
CPB,
SRE,
MREO,
NIU,
IPOF,
WMT,
LMT,
BTI,
2222.SR,
FNILX,
VB,
VXUS,
VERS,
BNGO,
CLOV,
QYLD,
BLDP.TO,
DMTK,
BBCA.JK,
GOTO.JK,
TATAPOWER.NS,
POWERGRID.NS,
1120.SR,
PNL.AS,
BAVA.CO,
GMAB.CO,
BBRI.JK,
IFX.DE,
LMND,
DPSI,
LEV,
DUK,
TXMD,
TSN,
RMV.L,
LOGC,
SREV,
ENR,
AJINY,
SJR,
EPC,
LANC,
SOPA,
PRTY,
HMTV,
BB.TO,
CENTA,
GROUF,
THS,
MNGPF,
SWX,
CENT,
GLXY.TO,
SWMAY,
PBH,
SJM,
GBTC,
WTM,
BWV,
GIS,
FMCCL,
GEVO,
DDD,
VRM,
MCHP,
PUBM,
AEP,
BLNK,
PSEI.PS,
SWMA.ST,
TATASTEEL.NS,
BIOR,
CEZ.PR,
KOSS,
AKAN,
VTNR,
AUPH,
IIVI,
KXIN,
PLNT,
SXYAY,
PSHZF,
BLMIF,
MTUAY,
CPYYY,
NBIX,
RBA,
FSK,
SYY,
PSEC,
IFF,
BCO,
UNVR,
IAA,
ICUI,
IAC,
DNB,
DM,
EVAX,
SSUMY,
FOXA,
FOX,
HI,
ITOCY,
UNLRF,
MIDD,
PNR,
ENOV,
LGGNF,
VVV,
ALGM,
IHICY,
PHI,
XHR,
NVEI.TO,
CRON,
NXST,
TKAYF,
TLKMF,
BL,
BLKB,
WWE,
INCY,
BIIB,
KAOOY,
GEBHY,
LNSTY,
BDRFF,
SOMLY,
ESLT,
SPSC,
MICT,
HYLN,
AVVIY,
GBERY,
CGHLY,
FRRVY,
ELEEF,
SNMCY,
AMRS,
VAC,
VTR,
KRC,
GMBXF,
VFF,
KBCSY,
ITOCF,
MSGE,
BAYZF,
VNO,
SENS,
HHC,
GERN,
FMCKL,
EQUEY,
INO,
GRWG,
PLBY,
BIRD,
SFT,
GOEV,
ACM,
ZOM,
EQB.TO,
2269.HK,
MYNZ,
IBULHSGFIN.NS,
1211.HK,
2015.HK,
ROG.SW,
ALFEN.AS,
XCUR,
ELBM,
AD.AS,
TM,
VIEW,
TKA.DE,
CPG.L,
SWCH,
ALC,
CICHF,
NDBKY,
TRQ,
CLPXY,
SHO,
RIOCF,
AWCMY,
LEN-B,
MEGGF,
WF,
TAK,
LEN,
LAZ,
NE,
CSSE,
IPAR,
MSADY,
ZD,
APTPF,
SOBKY,
MFG,
ACDSF,
CNS,
CHVKF,
CNICF,
XISHY,
CGHOF,
SCHYF,
BYDIF,
HUATF,
MDDNF,
KGDEF,
WEICF,
ZZHGF,
CHLLF,
SWMAF,
BMCLF,
SWGAY,
ELEZY,
DTCWY,
KEYUF,
AFI,
RGLS,
SHKLF,
IWGFF,
AICAF,
LRLCY,
JSNSF,
AANNF,
IVSBF,
WMMVF,
RR.L,
CGEM,
RHHVF,
WYNMF,
PRMW,
MITO,
CIM-PC,
ATC,
AFLYY,
PDI,
FIZZ,
FUN,
WELL.TO,
AEL,
SLF,
TAC,